split,cutoff,reviewed_txns,caught_fraud,pct_reviewed,pct_caught,pct_fraud_value_caught,precision_pct,lift
test,15,1,0,0.0,0.0,0.0,0.0,0.0
test,14,3,0,0.0,0.0,0.0,0.0,0.0
test,13,21,3,0.01,0.1,0.0,14.3,4.1
test,12,170,32,0.11,0.6,0.1,18.8,5.4
test,11,572,103,0.37,1.9,0.5,18.0,5.2
test,10,1737,350,1.14,6.6,2.3,20.1,5.8
test,9,4098,779,2.68,14.6,5.4,19.0,5.5
test,8,6385,1219,4.17,22.9,8.7,19.1,5.5
test,7,10787,1517,7.05,28.5,11.0,14.1,4.0
test,6,16077,2034,10.51,38.2,15.8,12.7,3.6
test,5,20426,2450,13.35,46.0,20.5,12.0,3.4
test,4,23308,2592,15.23,48.7,23.3,11.1,3.2
test,3,27158,2772,17.75,52.0,27.4,10.2,2.9
test,2,31564,2968,20.63,55.7,33.1,9.4,2.7
test,1,36472,3225,23.83,60.5,42.7,8.8,2.5
test,0,44888,3551,29.33,66.7,56.3,7.9,2.3
test,-1,56951,3900,37.22,73.2,70.2,6.8,2.0
test,-2,75909,4287,49.6,80.5,79.3,5.6,1.6
test,-3,109839,4712,71.78,88.5,87.2,4.3,1.2
test,-4,132256,5098,86.43,95.7,96.0,3.9,1.1
test,-5,152756,5320,99.82,99.9,98.6,3.5,1.0
test,-6,153029,5327,100.0,100.0,100.0,3.5,1.0
train,14,13,9,0.0,0.1,0.0,69.2,19.8
train,13,72,27,0.02,0.2,0.0,37.5,10.7
train,12,481,107,0.11,0.7,0.1,22.2,6.3
train,11,1547,347,0.35,2.3,0.5,22.4,6.4
train,10,4796,970,1.1,6.3,2.0,20.2,5.8
train,9,12145,2179,2.78,14.2,5.5,17.9,5.1
train,8,20307,3525,4.64,23.0,9.4,17.4,5.0
train,7,30715,4569,7.02,29.8,13.8,14.9,4.2
train,6,50356,6111,11.51,39.8,21.2,12.1,3.5
train,5,68148,7303,15.58,47.6,26.3,10.7,3.1
train,4,81387,7951,18.6,51.8,31.3,9.8,2.8
train,3,99259,8579,22.69,55.9,35.7,8.6,2.5
train,2,115186,9199,26.33,60.0,42.0,8.0,2.3
train,1,130213,9951,29.76,64.9,51.5,7.6,2.2
train,0,154774,10823,35.38,70.6,60.6,7.0,2.0
train,-1,187117,11741,42.77,76.6,72.3,6.3,1.8
train,-2,237524,12841,54.29,83.7,81.7,5.4,1.5
train,-3,325304,14015,74.35,91.4,90.4,4.3,1.2
train,-4,383645,14881,87.69,97.0,97.0,3.9,1.1
train,-5,436883,15334,99.86,100.0,99.8,3.5,1.0
train,-6,437511,15336,100.0,100.0,100.0,3.5,1.0
