method,pct_reviewed,pct_fraud_caught,pct_fraud_value_caught,precision_pct,fraud_value_caught
biggest_amount,0.5,0.3,4.6,2.0,37720.0
biggest_amount,1.0,0.8,9.1,2.6,73990.0
biggest_amount,1.5,1.8,16.2,4.2,132495.0
biggest_amount,2.0,3.7,27.9,6.5,227988.0
biggest_amount,2.5,4.2,30.3,5.9,247992.0
biggest_amount,3.0,4.7,32.1,5.4,262549.0
biggest_amount,3.5,5.8,36.2,5.8,295789.0
biggest_amount,4.0,6.2,37.5,5.4,306621.0
biggest_amount,4.5,7.2,40.7,5.5,332920.0
biggest_amount,5.0,8.4,44.4,5.9,362847.0
biggest_amount,5.5,8.9,45.9,5.7,374949.0
biggest_amount,6.0,9.7,47.9,5.6,391222.0
biggest_amount,6.5,10.3,49.3,5.5,403091.0
biggest_amount,7.0,10.7,50.2,5.3,410133.0
biggest_amount,7.5,11.2,51.2,5.2,418507.0
biggest_amount,8.0,11.7,52.3,5.1,427156.0
biggest_amount,8.5,12.3,53.6,5.1,437763.0
biggest_amount,9.0,13.5,55.9,5.2,457027.0
biggest_amount,9.5,14.1,56.9,5.2,464984.0
biggest_amount,10.0,14.8,58.3,5.2,476259.0
biggest_amount,10.5,15.3,59.1,5.1,483163.0
biggest_amount,11.0,15.9,60.0,5.0,490509.0
biggest_amount,11.5,16.3,60.6,4.9,494804.0
biggest_amount,12.0,16.6,61.0,4.8,498420.0
biggest_amount,12.5,17.1,61.8,4.8,504974.0
biggest_amount,13.0,17.7,62.7,4.7,511980.0
biggest_amount,13.5,18.2,63.5,4.7,518702.0
biggest_amount,14.0,18.6,63.9,4.6,522333.0
biggest_amount,14.5,18.8,64.2,4.5,524437.0
biggest_amount,15.0,18.9,64.4,4.4,525907.0
biggest_amount,15.5,19.3,64.9,4.3,530042.0
biggest_amount,16.0,19.9,65.7,4.3,536653.0
biggest_amount,16.5,20.6,66.6,4.3,543853.0
biggest_amount,17.0,21.1,67.3,4.3,549730.0
biggest_amount,17.5,22.0,68.3,4.4,557929.0
biggest_amount,18.0,22.5,68.9,4.4,562717.0
biggest_amount,18.5,23.0,69.4,4.3,567163.0
biggest_amount,19.0,23.5,69.9,4.3,571342.0
biggest_amount,19.5,24.0,70.5,4.3,575687.0
biggest_amount,20.0,24.2,70.6,4.2,576967.0
biggest_amount,20.5,24.9,71.4,4.2,583280.0
biggest_amount,21.0,25.3,71.8,4.2,586447.0
biggest_amount,21.5,26.1,72.6,4.2,593047.0
biggest_amount,22.0,26.8,73.2,4.2,597980.0
biggest_amount,22.5,27.3,73.7,4.2,602265.0
biggest_amount,23.0,27.9,74.2,4.2,606488.0
biggest_amount,23.5,28.5,74.7,4.2,610652.0
biggest_amount,24.0,28.9,75.1,4.2,613723.0
biggest_amount,24.5,29.2,75.3,4.1,615580.0
biggest_amount,25.0,30.2,76.1,4.2,621857.0
biggest_amount,25.5,30.5,76.3,4.2,623846.0
biggest_amount,26.0,30.8,76.6,4.1,625835.0
biggest_amount,26.5,31.1,76.8,4.1,627707.0
biggest_amount,27.0,31.4,77.0,4.0,629345.0
biggest_amount,27.5,31.5,77.1,4.0,630164.0
biggest_amount,28.0,31.9,77.4,4.0,632621.0
biggest_amount,28.5,32.4,77.8,4.0,635429.0
biggest_amount,29.0,32.6,78.0,3.9,637067.0
biggest_amount,29.5,32.9,78.1,3.9,638588.0
biggest_amount,30.0,33.2,78.4,3.9,640694.0
expected_loss,0.5,1.4,8.4,9.9,68721.0
expected_loss,1.0,3.0,17.0,10.6,138670.0
expected_loss,1.5,4.7,24.3,10.8,198331.0
expected_loss,2.0,6.2,29.6,10.8,241570.0
expected_loss,2.5,7.6,33.5,10.5,273382.0
expected_loss,3.0,8.7,36.6,10.2,298810.0
expected_loss,3.5,10.1,40.1,10.1,327534.0
expected_loss,4.0,11.3,42.7,9.8,348654.0
expected_loss,4.5,12.5,45.1,9.6,368892.0
expected_loss,5.0,13.6,47.4,9.5,387106.0
expected_loss,5.5,14.9,50.2,9.4,410154.0
expected_loss,6.0,16.2,52.3,9.4,427536.0
expected_loss,6.5,17.3,54.2,9.2,442849.0
expected_loss,7.0,18.2,56.4,9.0,460818.0
expected_loss,7.5,19.3,57.7,9.0,471533.0
expected_loss,8.0,20.0,58.8,8.7,480587.0
expected_loss,8.5,20.9,59.9,8.5,489251.0
expected_loss,9.0,21.5,60.4,8.3,493164.0
expected_loss,9.5,22.8,61.7,8.4,504187.0
expected_loss,10.0,23.9,63.2,8.3,516249.0
expected_loss,10.5,25.1,64.3,8.3,525614.0
expected_loss,11.0,26.2,65.5,8.3,535499.0
expected_loss,11.5,27.4,66.4,8.3,542317.0
expected_loss,12.0,28.3,67.5,8.2,551237.0
expected_loss,12.5,29.3,67.9,8.2,555006.0
expected_loss,13.0,30.0,68.3,8.0,558303.0
expected_loss,13.5,30.5,69.0,7.9,563563.0
expected_loss,14.0,31.6,69.7,7.9,569881.0
expected_loss,14.5,32.1,70.2,7.7,573770.0
expected_loss,15.0,33.1,71.0,7.7,580552.0
expected_loss,15.5,33.8,71.6,7.6,585408.0
expected_loss,16.0,34.9,72.4,7.6,591579.0
expected_loss,16.5,35.6,73.1,7.5,597439.0
expected_loss,17.0,36.6,73.8,7.5,603295.0
expected_loss,17.5,37.8,74.7,7.5,610606.0
expected_loss,18.0,39.0,75.4,7.5,615925.0
expected_loss,18.5,39.8,75.8,7.5,619652.0
expected_loss,19.0,40.7,76.2,7.4,622952.0
expected_loss,19.5,41.1,76.7,7.3,626646.0
expected_loss,20.0,41.6,77.2,7.2,630648.0
expected_loss,20.5,42.3,77.6,7.2,634151.0
expected_loss,21.0,43.0,78.0,7.1,637698.0
expected_loss,21.5,43.4,78.3,7.0,640150.0
expected_loss,22.0,44.1,78.7,7.0,643240.0
expected_loss,22.5,45.0,79.2,7.0,646811.0
expected_loss,23.0,45.6,79.7,6.9,651350.0
expected_loss,23.5,46.3,80.2,6.9,655357.0
expected_loss,24.0,47.3,80.5,6.9,657839.0
expected_loss,24.5,47.6,80.7,6.8,659408.0
expected_loss,25.0,48.1,81.1,6.7,662379.0
expected_loss,25.5,48.6,81.6,6.6,666551.0
expected_loss,26.0,49.9,82.0,6.7,670435.0
expected_loss,26.5,50.5,82.4,6.6,673568.0
expected_loss,27.0,51.1,82.7,6.6,675817.0
expected_loss,27.5,51.3,83.0,6.5,677991.0
expected_loss,28.0,51.8,83.2,6.4,680202.0
expected_loss,28.5,52.3,83.6,6.4,682793.0
expected_loss,29.0,52.9,83.8,6.3,684593.0
expected_loss,29.5,53.2,83.9,6.3,685934.0
expected_loss,30.0,53.7,84.2,6.2,687906.0
risk_score,0.5,2.8,0.9,19.6,7759.0
risk_score,1.0,5.9,2.1,20.4,16804.0
risk_score,1.5,8.7,3.1,20.1,25152.0
risk_score,2.0,11.2,4.1,19.5,33162.0
risk_score,2.5,13.7,5.0,19.1,40848.0
risk_score,3.0,16.5,6.1,19.2,50129.0
risk_score,3.5,19.5,7.2,19.4,59052.0
risk_score,4.0,22.0,8.4,19.1,68658.0
risk_score,4.5,23.5,8.9,18.2,72669.0
risk_score,5.0,24.5,9.3,17.0,76384.0
risk_score,5.5,25.3,9.6,16.0,78565.0
risk_score,6.0,26.3,10.0,15.3,81389.0
risk_score,6.5,27.5,10.5,14.7,85593.0
risk_score,7.0,28.4,10.9,14.1,89052.0
risk_score,7.5,29.8,11.6,13.8,94986.0
risk_score,8.0,31.3,12.4,13.6,100971.0
risk_score,8.5,32.5,13.0,13.3,105857.0
risk_score,9.0,34.1,13.7,13.2,111583.0
risk_score,9.5,35.7,14.5,13.1,118621.0
risk_score,10.0,37.0,15.1,12.9,123548.0
risk_score,10.5,38.2,15.8,12.7,128929.0
risk_score,11.0,39.7,16.7,12.6,136294.0
risk_score,11.5,41.1,17.5,12.5,142669.0
risk_score,12.0,42.6,18.4,12.4,150050.0
risk_score,12.5,43.9,19.2,12.2,156641.0
risk_score,13.0,45.1,19.8,12.1,162053.0
risk_score,13.5,46.1,20.6,11.9,168225.0
risk_score,14.0,46.7,21.4,11.6,174610.0
risk_score,14.5,47.5,22.0,11.4,180131.0
risk_score,15.0,48.4,23.0,11.2,188071.0
risk_score,15.5,49.0,23.5,11.0,191942.0
risk_score,16.0,49.6,24.6,10.8,200642.0
risk_score,16.5,50.3,25.4,10.6,207594.0
risk_score,17.0,51.1,26.2,10.5,213887.0
risk_score,17.5,51.6,27.0,10.3,220383.0
risk_score,18.0,52.4,27.9,10.1,227649.0
risk_score,18.5,53.0,28.8,10.0,235318.0
risk_score,19.0,53.7,29.6,9.8,241491.0
risk_score,19.5,54.2,30.6,9.7,250001.0
risk_score,20.0,54.9,31.5,9.6,257753.0
risk_score,20.5,55.6,33.0,9.4,269668.0
risk_score,21.0,56.4,34.4,9.3,281402.0
risk_score,21.5,57.0,35.5,9.2,289749.0
risk_score,22.0,57.9,37.0,9.2,302333.0
risk_score,22.5,58.7,38.9,9.1,317603.0
risk_score,23.0,59.3,40.2,9.0,328461.0
risk_score,23.5,60.1,41.8,8.9,341838.0
risk_score,24.0,60.7,42.9,8.8,350350.0
risk_score,24.5,61.2,44.2,8.7,361265.0
risk_score,25.0,61.7,45.7,8.6,373575.0
risk_score,25.5,62.5,47.5,8.5,387857.0
risk_score,26.0,63.0,48.6,8.4,397150.0
risk_score,26.5,63.5,49.8,8.3,406960.0
risk_score,27.0,64.0,50.6,8.3,413195.0
risk_score,27.5,64.5,51.4,8.2,420178.0
risk_score,28.0,65.0,53.0,8.1,432775.0
risk_score,28.5,65.6,53.8,8.0,439583.0
risk_score,29.0,66.2,55.2,8.0,451152.0
risk_score,29.5,66.8,56.5,7.9,461398.0
risk_score,30.0,67.2,57.4,7.8,469205.0
