hour_dataset,txns,fraud,fraud_rate_pct,is_overnight
0,28157,892,3.17,False
1,24750,811,3.28,False
2,20266,751,3.71,False
3,16027,559,3.49,False
4,11875,582,4.9,False
5,7969,515,6.46,False
6,4805,360,7.49,True
7,2991,296,9.9,True
8,2056,201,9.78,True
9,1702,166,9.75,True
10,2159,157,7.27,True
11,3936,162,4.12,True
12,7763,235,3.03,True
13,13520,283,2.09,False
14,19885,479,2.41,False
15,24509,619,2.53,False
16,28569,830,2.91,False
17,30505,983,3.22,False
18,31370,1090,3.47,False
19,31788,1101,3.46,False
20,31172,1072,3.44,False
21,31312,1064,3.4,False
22,30609,988,3.23,False
23,29816,1140,3.82,False
